STT,Tên bug,Trạng thái,Trạng thái (mã),Độ ưu tiên,Ghi chú verify (01/06/2026)
83,BC hỏi đáp: 1 biểu đồ chưa hiển thị,✅ Đạt,PASS,TB,"R2 06-02: 2 bảng + Donut 7 lĩnh vực + 24 svg render đủ, không thiếu biểu đồ, no error"
84,BC hỏi đáp lọc đơn vị: id+no data,✅ Đạt,PASS,Cao,"R2 06-02: dropdown 84 đơn vị hiện TÊN+mã (no UUID), filter BKH chạy data load"
86,BC vụ việc TN: 1 biểu đồ chưa hiển thị,✅ Đạt,PASS,TB,"R2 06-02: 2 bảng + Bar/Trend 18 svg render đủ"
87,BC vụ việc TN lọc đơn vị: id+no data,✅ Đạt,PASS,Cao,"R2 06-02: cùng cơ chế filter đơn vị (verify 84+97), tên đơn vị OK"
88,BC vụ việc đang HT lọc đơn vị,✅ Đạt,PASS,Cao,"R2 06-02: 2 bảng 9 dòng, 16 svg, no error"
89,BC vụ việc hoàn thành lọc đơn vị,✅ Đạt,PASS,Cao,"R2 06-02: 2 bảng + Bar/Donut 19 svg, no error"
90,BC vụ việc theo TG lọc đơn vị,✅ Đạt,PASS,Cao,"R2 06-02: Line trend 11 svg render"
91,BC vụ việc theo TG: ngày Excel/PDF,✅ Đạt,PASS,TB,"R2 06-02: ngày on-screen dd/mm/yyyy (01/01/2026); export 06-01 đã confirm dd/mm/yyyy"
92,BC lớp ĐT đang diễn ra lọc đơn vị,✅ Đạt,PASS,Cao,"R2 06-02: 1 bảng + 24 svg render"
93,BC lớp ĐT đã diễn ra lọc đơn vị,✅ Đạt,PASS,Cao,"R2 06-02: 1 bảng + Bar/Trend 22 svg render"
94,BC chất lượng ĐT lọc đơn vị,✅ Đạt,PASS,Cao,"R2 06-02: SAI BLOCK — loại CÓ (scroll virtual-list). Render khóa học+đơn vị tên thật+Điểm TB"
95,BC đánh giá hiệu quả lọc đơn vị,✅ Đạt,PASS,Cao,"R2 06-02: SAI BLOCK — loại CÓ. Render Đơn vị+Điểm TB 8,0, no error"
96,BC số lượng chuyên gia lọc đơn vị,✅ Đạt,PASS,Cao,"R2 06-02: SAI BLOCK — loại CÓ. Đơn vị/Số TVV/CG (BTTP 4 TVV 4 CG), no error"
97,BC vụ việc theo đơn vị QL,✅ Đạt,PASS,Cao,"R2 06-02: SAI BLOCK — loại CÓ. Cross-tab đơn vị tên thật, no UUID, 89 chart"
98,BC vụ việc theo lĩnh vực,✅ Đạt,PASS,Cao,"R2 06-02: SAI BLOCK — loại CÓ. Lĩnh vực tên (Dân sự|2, DN|20), 9 dòng"
99,BC vụ việc theo loại hình DN,✅ Đạt,PASS,Cao,"R2 06-02: SAI BLOCK — loại CÓ. Quy mô DN (Nhỏ|26, Siêu nhỏ|17, Vừa|5)"
100,BC vụ việc theo TG (đơn vị),✅ Đạt,PASS,TB,"R2 06-02: stacked bar trend (Kỳ/Mới/Tiếp nhận/Đang HT/Hoàn thành), 33 svg"
101,BC chi phí chi trả lọc đơn vị,✅ Đạt,PASS,Cao,"R2 06-02: SAI BLOCK — loại CÓ. Chi phí 7 đơn vị tên thật + tiền ₫ format"
102,BC chi phí theo đơn vị QL,✅ Đạt,PASS,Cao,"R2 06-02: SAI BLOCK — loại CÓ. Cross-tab chi phí theo đơn vị OK"
103,BC chi phí theo lĩnh vực,✅ Đạt,PASS,Cao,"R2 06-02: SAI BLOCK — loại CÓ, render OK; empty (chi-trả chưa gắn lĩnh vực) — empty state hợp lệ"
104,BC chi phí theo loại hình DN,✅ Đạt,PASS,Cao,"R2 06-02: SAI BLOCK — loại CÓ. Mức hỗ trợ 100/30/10% đúng NĐ55/2019"
105,BC chi phí theo TG,✅ Đạt,PASS,Cao,"R2 06-02: SAI BLOCK — loại CÓ. Trend chi phí, ngày dd/mm/yyyy"
106,BC số lượng chương trình,✅ Đạt,PASS,Cao,"R2 06-02: SAI BLOCK — loại CÓ. Trạng thái CT (Phê duyệt 1, Đang TH 3, HT 1)"
107,BC chương trình theo đơn vị QL,✅ Đạt,PASS,Cao,"R2 06-02: SAI BLOCK — loại CÓ. CT theo đơn vị tên thật"
108,BC chương trình theo lĩnh vực,✅ Đạt,PASS,Cao,"R2 06-02: SAI BLOCK — loại CÓ. CT theo lĩnh vực ('Không xác định' placeholder), no error"
109,BC chương trình theo TG,✅ Đạt,PASS,Cao,"R2 06-02: SAI BLOCK — loại CÓ. CT theo TG, ngày dd/mm/yyyy"
