tuan,log_row,log_ma_tc,partner_row,partner_ma_tc,confidence,khoa_dung,ghi_chu
1,3,DB_01,3,DB_01,TRUNG,nội dung,mã DB_01 xuất hiện ở 3 ảnh bên đối tác
1,4,DB_02,4,DB_02,TRUNG,nội dung,ảnh lần 1 trống/không parse được
1,5,DB_03,5,DB_03,TRUNG,nội dung,ảnh lần 1 trống/không parse được
1,6,DB_04,6,DB_04,CAO,ảnh + nội dung,
1,7,DB_05,7,DB_05,CAO,ảnh + nội dung,
1,8,DB_06,8,DB_06,CAO,ảnh + nội dung,
1,9,DB_07,9,DB_07,CAO,ảnh + nội dung,
1,10,DB_08,10,DB_08,CAO,ảnh + nội dung,
1,11,DB_09,11,DB_09,CAO,ảnh + nội dung,
1,12,DB_10,12,DB_10,CAO,ảnh + nội dung,
1,13,DB_11,13,DB_11,TRUNG,nội dung,mã DB_11 xuất hiện ở 3 ảnh bên đối tác
1,14,DB_12,14,DB_12,TRUNG,nội dung,ảnh lần 1 trống/không parse được
1,15,DB_13,15,DB_13,TRUNG,nội dung,ảnh lần 1 trống/không parse được
1,16,THHDVM_01,16,THHDVM_01,TRUNG,nội dung,mã THHDVM_01 xuất hiện ở 2 ảnh bên đối tác
1,17,THHDVM_02,17,THHDVM_02,TRUNG,nội dung,ảnh lần 1 trống/không parse được
1,18,THHDVM_03,18,THHDVM_03,CAO,ảnh + nội dung,
1,19,THHDVM_04,19,THHDVM_04,CAO,ảnh + nội dung,
1,20,VVDTN_01,20,VVDTN_01,TRUNG,nội dung,mã VVDTN_01 xuất hiện ở 2 ảnh bên đối tác
1,21,VVDTN_02,21,VVDTN_02,TRUNG,nội dung,mã VVDTN_02 xuất hiện ở 2 ảnh bên đối tác
1,22,VVDTN_03,22,VVDTN_03,TRUNG,nội dung,mã VVDTN_03 xuất hiện ở 2 ảnh bên đối tác
1,23,VVDHT_01,23,VVDHT_01,TRUNG,nội dung,mã VVDHT_01 xuất hiện ở 2 ảnh bên đối tác
1,24,VVDHT_03,24,VVDHT_03,THẤP,mâu thuẫn,"khoá ảnh chỉ về VVDHT_03 (row1261), khoá nội dung chỉ về VVDHT_03 (row24)"
1,25,VVDHT_04,25,VVDHT_04,TRUNG,nội dung,mã VVDHT_04 xuất hiện ở 2 ảnh bên đối tác
1,26,VVDHTHT_01,26,VVDHTHT_01,TRUNG,nội dung,mã VVDHTHT_01 xuất hiện ở 2 ảnh bên đối tác
1,27,VVDHTHT_02,27,VVDHTHT_02,TRUNG,nội dung,mã VVDHTHT_02 xuất hiện ở 2 ảnh bên đối tác
1,28,VVDHTHT_03,28,VVDHTHT_03,TRUNG,nội dung,mã VVDHTHT_03 xuất hiện ở 2 ảnh bên đối tác
1,29,LDTBDDDR_01,29,LDTBDDDR_01,CAO,ảnh + nội dung,
1,30,LDTBDDDR_02,30,LDTBDDDR_02,CAO,ảnh + nội dung,
1,31,LDTBDDDR_03,31,LDTBDDDR_03,CAO,ảnh + nội dung,
1,32,LDTBDDHT_01,32,LDTBDDHT_01,CAO,ảnh + nội dung,
1,33,LDTBDDHT_02,33,LDTBDDHT_02,TRUNG,nội dung,mã LDTBDDHT_02 xuất hiện ở 2 ảnh bên đối tác
1,34,LDTBDDHT_03,34,LDTBDDHT_03,TRUNG,nội dung,ảnh lần 1 trống/không parse được
1,35,CGTVPL_01,35,CGTVPL_01,TRUNG,nội dung,mã CGTVPL_01 xuất hiện ở 2 ảnh bên đối tác
1,36,CGTVPL_02,36,CGTVPL_02,TRUNG,nội dung,mã CGTVPL_02 xuất hiện ở 2 ảnh bên đối tác
1,37,CGTVPL_03,37,CGTVPL_03,TRUNG,nội dung,mã CGTVPL_03 xuất hiện ở 2 ảnh bên đối tác
1,46,TKDGHQHTPL_01,46,TKDGHQHTPL_01,TRUNG,nội dung,mã TKDGHQHTPL_01 xuất hiện ở 2 ảnh bên đối tác
1,47,TKDGHQHTPL_02,47,TKDGHQHTPL_02,CAO,ảnh + nội dung,
1,48,TKCLDTBDPL_01,48,TKCLDTBDPL_01,CAO,ảnh + nội dung,
1,49,TKCLDTBDPL_02,,,KHÔNG,,"không có case tương ứng bên đối tác (case QA tự thêm, hoặc đã bị xoá/sửa)"
1,98,QLTTHDVMPL_01,71,QLTTHDVMPL_01,CAO,ảnh + nội dung,
1,99,QLTTHDVMPL_02,72,QLTTHDVMPL_02,CAO,ảnh + nội dung,
1,100,QLTTHDVMPL_03,73,QLTTHDVMPL_03,CAO,ảnh + nội dung,
1,101,QLTTHDVMPL_04,74,QLTTHDVMPL_04,CAO,ảnh + nội dung,
1,102,QLTTHDVMPL_05,75,QLTTHDVMPL_05,CAO,ảnh + nội dung,
1,103,QLTTHDVMPL_06,76,QLTTHDVMPL_06,CAO,ảnh + nội dung,
1,104,QLTTHDVMPL_07,77,QLTTHDVMPL_07,CAO,ảnh + nội dung,
1,105,QLTTHDVMPL_08,78,QLTTHDVMPL_08,CAO,ảnh + nội dung,
1,106,QLTTHDVMPL_09,79,QLTTHDVMPL_09,CAO,ảnh + nội dung,
1,107,QLTTHDVMPL_10,80,QLTTHDVMPL_10,CAO,ảnh + nội dung,
1,108,QLTTHDVMPL_11,81,QLTTHDVMPL_11,CAO,ảnh + nội dung,
1,109,QLTTHDVMPL_12,82,QLTTHDVMPL_12,CAO,ảnh + nội dung,
1,110,QLTTHDVMPL_13,83,QLTTHDVMPL_13,CAO,ảnh + nội dung,
1,111,QLTTHDVMPL_14,84,QLTTHDVMPL_14,CAO,ảnh + nội dung,
1,112,QLTTHDVMPL_15,85,QLTTHDVMPL_15,CAO,ảnh + nội dung,
1,113,QLTTHDVMPL_16,86,QLTTHDVMPL_16,CAO,ảnh + nội dung,
1,114,QLTTHDVMPL_17,87,QLTTHDVMPL_17,CAO,ảnh + nội dung,
1,115,QLTTHDVMPL_18,88,QLTTHDVMPL_18,CAO,ảnh + nội dung,
1,116,QLTTHDVMPL_19,89,QLTTHDVMPL_19,CAO,ảnh + nội dung,
1,117,TKHDVMTH_01,,,KHÔNG,,"không có case tương ứng bên đối tác (case QA tự thêm, hoặc đã bị xoá/sửa)"
1,118,TKHDVMTH_02,91,TKHDVMTH_02,CAO,ảnh + nội dung,
1,119,TKHDVMTH_03,92,TKHDVMTH_03,CAO,ảnh + nội dung,
1,120,TKHDVMTH_04,93,TKHDVMTH_04,CAO,ảnh + nội dung,
1,121,TKHDVMTH_05,94,TKHDVMTH_05,CAO,ảnh + nội dung,
1,122,TKHDVMTH_06,95,TKHDVMTH_06,CAO,ảnh + nội dung,
1,123,TKHDVMTH_07,96,TKHDVMTH_07,CAO,ảnh + nội dung,
1,124,TKHDVMTH_08,100,TKHDVMTH_11,THẤP,mâu thuẫn,"khoá ảnh chỉ về TKHDVMTH_08 (row97), khoá nội dung chỉ về TKHDVMTH_11 (row100)"
1,125,TKHDVMTH_09,97,TKHDVMTH_08,THẤP,mâu thuẫn,"khoá ảnh chỉ về TKHDVMTH_09 (row98), khoá nội dung chỉ về TKHDVMTH_08 (row97)"
1,126,TKHDVMTH_10,98,TKHDVMTH_09,THẤP,mâu thuẫn,"khoá ảnh chỉ về TKHDVMTH_10 (row99), khoá nội dung chỉ về TKHDVMTH_09 (row98)"
1,127,TKHDVMTH_11,99,TKHDVMTH_10,THẤP,mâu thuẫn,"khoá ảnh chỉ về TKHDVMTH_11 (row100), khoá nội dung chỉ về TKHDVMTH_10 (row99)"
1,128,TKHDVMTH_12,101,TKHDVMTH_12,TRUNG,nội dung,mã TKHDVMTH_12 xuất hiện ở 2 ảnh bên đối tác
1,129,TKHDVMTH_13,102,TKHDVMTH_13,CAO,ảnh + nội dung,
1,131,TNXLHDVMPL_01,104,TNXLHDVMPL_01,TRUNG,ảnh,nội dung 2 file khác nhau (đối tác đã sửa mô tả/KQ mong đợi)
1,132,TNXLHDVMPL_02,105,TNXLHDVMPL_02,CAO,ảnh + nội dung,
1,133,TNXLHDVMPL_03,106,TNXLHDVMPL_03,CAO,ảnh + nội dung,
1,134,TNXLHDVMPL_04,107,TNXLHDVMPL_04,CAO,ảnh + nội dung,
1,135,TNXLHDVMPL_05,108,TNXLHDVMPL_05,CAO,ảnh + nội dung,
1,136,TNXLHDVMPL_06,109,TNXLHDVMPL_06,CAO,ảnh + nội dung,
1,138,QLTNXLHDVM_01,111,QLTNXLHDVM_02,CAO,ảnh + nội dung,
1,139,QLTNXLHDVM_02,112,QLTNXLHDVM_03,CAO,ảnh + nội dung,
1,140,QLTNXLHDVM_03,113,QLTNXLHDVM_04,TRUNG,nội dung,mã QLTNXLHDVM_03 xuất hiện ở 2 ảnh bên đối tác
1,141,QLTNXLHDVM_04,114,QLTNXLHDVM_05,CAO,ảnh + nội dung,
1,142,QLTNXLHDVM_05,115,QLTNXLHDVM_06,CAO,ảnh + nội dung,
1,143,QLTNXLHDVM_06,116,QLTNXLHDVM_07,CAO,ảnh + nội dung,
1,144,QLTNXLHDVM_07,117,QLTNXLHDVM_08,CAO,ảnh + nội dung,
1,145,QLTNXLHDVM_08,118,QLTNXLHDVM_09,CAO,ảnh + nội dung,
1,146,QLTNXLHDVM_09,119,QLTNXLHDVM_10,CAO,ảnh + nội dung,
1,148,TKHDVMPLDTNXL_01,121,TKHDVMPLDTNXL_02,CAO,ảnh + nội dung,
1,149,TKHDVMPLDTNXL_02,122,TKHDVMPLDTNXL_03,CAO,ảnh + nội dung,
1,150,TKHDVMPLDTNXL_03,123,TKHDVMPLDTNXL_04,CAO,ảnh + nội dung,
1,151,TKHDVMPLDTNXL_04,124,TKHDVMPLDTNXL_05,CAO,ảnh + nội dung,
1,152,TKHDVMPLDTNXL_05,125,TKHDVMPLDTNXL_06,CAO,ảnh + nội dung,
1,153,TKHDVMPLDTNXL_06,126,TKHDVMPLDTNXL_07,CAO,ảnh + nội dung,
1,154,TKHDVMPLDTNXL_07,127,TKHDVMPLDTNXL_08,CAO,ảnh + nội dung,
1,155,TKHDVMPLDTNXL_08,128,TKHDVMPLDTNXL_09,CAO,ảnh + nội dung,
1,156,TKHDVMPLDTNXL_09,129,TKHDVMPLDTNXL_10,CAO,ảnh + nội dung,
1,157,TKHDVMPLDTNXL_10,130,TKHDVMPLDTNXL_11,CAO,ảnh + nội dung,
1,158,TKHDVMPLDTNXL_11,131,TKHDVMPLDTNXL_12,TRUNG,nội dung,mã TKHDVMPLDTNXL_11 xuất hiện ở 2 ảnh bên đối tác
1,159,TKHDVMPLDTNXL_12,132,TKHDVMPLDTNXL_13,CAO,ảnh + nội dung,
1,161,PCXLCHVM_01,134,PCXLCHVM_02,TRUNG,nội dung,mã PCXLCHVM_01 xuất hiện ở 2 ảnh bên đối tác
1,162,PCXLCHVM_02,135,PCXLCHVM_03,CAO,ảnh + nội dung,
1,163,PCXLCHVM_03,136,PCXLCHVM_04,CAO,ảnh + nội dung,
1,164,PCXLCHVM_04,137,PCXLCHVM_05,CAO,ảnh + nội dung,
1,165,PCXLCHVM_05,138,PCXLCHVM_06,CAO,ảnh + nội dung,
1,166,PCXLCHVM_06,139,PCXLCHVM_07,CAO,ảnh + nội dung,
1,167,PCXLCHVM_07,140,PCXLCHVM_08,CAO,ảnh + nội dung,
1,168,PCXLCHVM_08,141,PCXLCHVM_09,CAO,ảnh + nội dung,
1,170,PHCHVM_01,143,PHCHVM_02,CAO,ảnh + nội dung,
1,171,PHCHVM_02,144,PHCHVM_03,CAO,ảnh + nội dung,
1,172,PHCHVM_03,145,PHCHVM_04,CAO,ảnh + nội dung,
1,173,PHCHVM_04,146,PHCHVM_05,CAO,ảnh + nội dung,
1,174,PHCHVM_05,147,PHCHVM_06,CAO,ảnh + nội dung,
1,175,PHCHVM_06,,,KHÔNG,,"không có case tương ứng bên đối tác (case QA tự thêm, hoặc đã bị xoá/sửa)"
1,176,PHCHVM_07,148,PHCHVM_07,CAO,ảnh + nội dung,
1,177,PHCHVM_08,149,PHCHVM_08,TRUNG,nội dung,mã PHCHVM_08 xuất hiện ở 2 ảnh bên đối tác
1,178,PHCHVM_09,,,KHÔNG,,"không có case tương ứng bên đối tác (case QA tự thêm, hoặc đã bị xoá/sửa)"
1,179,PHCHVM_10,150,PHCHVM_09,CAO,ảnh + nội dung,
1,180,PHCHVM_11,151,PHCHVM_10,CAO,ảnh + nội dung,
1,181,PHCHVM_12,152,PHCHVM_11,CAO,ảnh + nội dung,
1,183,QLCKPHCHVM_01,154,QLCKPHCHVM_02,TRUNG,nội dung,mã QLCKPHCHVM_01 xuất hiện ở 2 ảnh bên đối tác
1,184,QLCKPHCHVM_02,155,QLCKPHCHVM_03,CAO,ảnh + nội dung,
1,185,QLCKPHCHVM_03,156,QLCKPHCHVM_04,CAO,ảnh + nội dung,
1,186,QLCKPHCHVM_04,157,QLCKPHCHVM_05,CAO,ảnh + nội dung,
1,187,QLCKPHCHVM_05,158,QLCKPHCHVM_06,CAO,ảnh + nội dung,
1,188,QLCKPHCHVM_06,159,QLCKPHCHVM_07,CAO,ảnh + nội dung,
1,189,QLCKPHCHVM_07,160,QLCKPHCHVM_08,CAO,ảnh + nội dung,
1,190,QLCKPHCHVM_08,161,QLCKPHCHVM_09,CAO,ảnh + nội dung,
1,191,QLCKPHCHVM_09,162,QLCKPHCHVM_10,CAO,ảnh + nội dung,
1,192,QLCKPHCHVM_10,163,QLCKPHCHVM_11,CAO,ảnh + nội dung,
1,193,QLCKPHCHVM_11,164,QLCKPHCHVM_12,CAO,ảnh + nội dung,
1,196,QLCHVMDXL_01,167,QLCHVMDXL_02,TRUNG,ảnh,nội dung 2 file khác nhau (đối tác đã sửa mô tả/KQ mong đợi)
1,197,QLCHVMDXL_02,168,QLCHVMDXL_03,CAO,ảnh + nội dung,
1,198,QLCHVMDXL_03,169,QLCHVMDXL_04,CAO,ảnh + nội dung,
1,199,QLCHVMDXL_04,170,QLCHVMDXL_05,CAO,ảnh + nội dung,
1,200,QLCHVMDXL_05,171,QLCHVMDXL_06,CAO,ảnh + nội dung,
1,201,QLCHVMDXL_06,172,QLCHVMDXL_07,CAO,ảnh + nội dung,
1,202,QLCHVMDXL_07,173,QLCHVMDXL_08,TRUNG,nội dung,mã QLCHVMDXL_07 xuất hiện ở 2 ảnh bên đối tác
1,203,QLCHVMDXL_08,174,QLCHVMDXL_09,CAO,ảnh + nội dung,
1,204,QLCHVMDXL_09,175,QLCHVMDXL_10,CAO,ảnh + nội dung,
1,205,QLCHVMDXL_10,176,QLCHVMDXL_11,CAO,ảnh + nội dung,
1,207,TKCHVMDXL_01,178,TKCHVMDXL_02,TRUNG,nội dung,mã TKCHVMDXL_01 xuất hiện ở 2 ảnh bên đối tác
1,208,TKCHVMDXL_02,179,TKCHVMDXL_03,CAO,ảnh + nội dung,
1,209,TKCHVMDXL_03,180,TKCHVMDXL_04,CAO,ảnh + nội dung,
1,210,TKCHVMDXL_04,181,TKCHVMDXL_05,CAO,ảnh + nội dung,
1,211,TKCHVMDXL_05,182,TKCHVMDXL_06,CAO,ảnh + nội dung,
1,212,TKCHVMDXL_06,183,TKCHVMDXL_07,CAO,ảnh + nội dung,
1,213,TKCHVMDXL_07,184,TKCHVMDXL_08,CAO,ảnh + nội dung,
1,214,TKCHVMDXL_08,185,TKCHVMDXL_09,CAO,ảnh + nội dung,
1,215,TKCHVMDXL_09,186,TKCHVMDXL_10,CAO,ảnh + nội dung,
1,216,TKCHVMDXL_10,187,TKCHVMDXL_11,CAO,ảnh + nội dung,
1,217,TKCHVMDXL_11,188,TKCHVMDXL_12,CAO,ảnh + nội dung,
1,218,TKCHVMDXL_12,189,TKCHVMDXL_13,CAO,ảnh + nội dung,
1,221,TTCTDTTH_01,192,TTCTDTTH_02,TRUNG,nội dung,mã TTCTDTTH_01 xuất hiện ở 2 ảnh bên đối tác
1,222,TTCTDTTH_02,193,TTCTDTTH_03,CAO,ảnh + nội dung,
1,223,TTCTDTTH_03,194,TTCTDTTH_04,CAO,ảnh + nội dung,
1,224,TTCTDTTH_04,195,TTCTDTTH_05,CAO,ảnh + nội dung,
1,225,TTCTDTTH_05,196,TTCTDTTH_06,CAO,ảnh + nội dung,
1,226,TTCTDTTH_06,197,TTCTDTTH_07,CAO,ảnh + nội dung,
1,227,TTCTDTTH_07,198,TTCTDTTH_08,CAO,ảnh + nội dung,
1,228,TTCTDTTH_08,199,TTCTDTTH_09,CAO,ảnh + nội dung,
1,229,TTCTDTTH_09,200,TTCTDTTH_10,CAO,ảnh + nội dung,
1,230,TTCTDTTH_10,201,TTCTDTTH_11,CAO,ảnh + nội dung,
1,231,TTCTDTTH_11,202,TTCTDTTH_12,CAO,ảnh + nội dung,
1,232,TTCTDTTH_12,203,TTCTDTTH_13,CAO,ảnh + nội dung,
1,233,TTCTDTTH_13,204,TTCTDTTH_14,CAO,ảnh + nội dung,
1,234,TTCTDTTH_14,205,TTCTDTTH_15,CAO,ảnh + nội dung,
1,235,TTCTDTTH_15,206,TTCTDTTH_16,CAO,ảnh + nội dung,
1,236,TTCTDTTH_16,207,TTCTDTTH_17,TRUNG,nội dung,ảnh lần 1 trống/không parse được
1,237,TTCTDTTH_17,208,TTCTDTTH_18,THẤP,mâu thuẫn,"khoá ảnh chỉ về TTCTDTTH_17 (row207), khoá nội dung chỉ về TTCTDTTH_18 (row208)"
1,238,TTCTDTTH_18,209,TTCTDTTH_19,TRUNG,nội dung,mã TTCTDTTH_18 xuất hiện ở 2 ảnh bên đối tác
1,239,TTCTDTTH_19,210,TTCTDTTH_20,CAO,ảnh + nội dung,
1,240,TTCTDTTH_20,211,TTCTDTTH_21,CAO,ảnh + nội dung,
1,241,TTCTDTTH_21,212,TTCTDTTH_22,CAO,ảnh + nội dung,
1,242,TTCTDTTH_22,213,TTCTDTTH_23,CAO,ảnh + nội dung,
1,243,TTCTDTTH_23,214,TTCTDTTH_24,CAO,ảnh + nội dung,
1,245,TKCTDTTH_01,216,TKCTDTTH_02,TRUNG,nội dung,mã TKCTDTTH_01 xuất hiện ở 2 ảnh bên đối tác
1,246,TKCTDTTH_02,217,TKCTDTTH_03,CAO,ảnh + nội dung,
1,247,TKCTDTTH_03,218,TKCTDTTH_04,CAO,ảnh + nội dung,
1,248,TKCTDTTH_04,219,TKCTDTTH_05,CAO,ảnh + nội dung,
1,249,TKCTDTTH_05,220,TKCTDTTH_06,CAO,ảnh + nội dung,
1,250,TKCTDTTH_06,221,TKCTDTTH_07,CAO,ảnh + nội dung,
1,251,TKCTDTTH_07,222,TKCTDTTH_08,CAO,ảnh + nội dung,
1,252,TKCTDTTH_08,223,TKCTDTTH_09,CAO,ảnh + nội dung,
1,253,TKCTDTTH_09,224,TKCTDTTH_10,CAO,ảnh + nội dung,
1,254,TKCTDTTH_10,225,TKCTDTTH_11,CAO,ảnh + nội dung,
1,255,TKCTDTTH_11,226,TKCTDTTH_12,CAO,ảnh + nội dung,
1,256,TKCTDTTH_12,227,TKCTDTTH_13,CAO,ảnh + nội dung,
1,257,TKCTDTTH_13,228,TKCTDTTH_14,CAO,ảnh + nội dung,
1,258,TKCTDTTH_14,229,TKCTDTTH_15,CAO,ảnh + nội dung,
1,259,TKCTDTTH_15,230,TKCTDTTH_16,CAO,ảnh + nội dung,
1,260,TKCTDTTH_16,231,TKCTDTTH_17,CAO,ảnh + nội dung,
1,261,TKCTDTTH_17,232,TKCTDTTH_18,CAO,ảnh + nội dung,
1,262,TKCTDTTH_18,233,TKCTDTTH_19,CAO,ảnh + nội dung,
1,263,TKCTDTTH_19,234,TKCTDTTH_20,CAO,ảnh + nội dung,
1,264,TKCTDTTH_20,235,TKCTDTTH_21,CAO,ảnh + nội dung,
1,265,TKCTDTTH_21,236,TKCTDTTH_22,CAO,ảnh + nội dung,
1,267,QLDKDTTH_01,238,QLDKDTTH_02,TRUNG,nội dung,mã QLDKDTTH_01 xuất hiện ở 2 ảnh bên đối tác
1,268,QLDKDTTH_02,239,QLDKDTTH_03,CAO,ảnh + nội dung,
1,269,QLDKDTTH_03,240,QLDKDTTH_04,CAO,ảnh + nội dung,
1,270,QLDKDTTH_04,241,QLDKDTTH_05,TRUNG,ảnh,nội dung 2 file khác nhau (đối tác đã sửa mô tả/KQ mong đợi)
1,271,QLDKDTTH_05,,,KHÔNG,,"không có case tương ứng bên đối tác (case QA tự thêm, hoặc đã bị xoá/sửa)"
1,272,QLDKDTTH_06,243,QLDKDTTH_07,THẤP,mâu thuẫn,"khoá ảnh chỉ về QLDKDTTH_06 (row242), khoá nội dung chỉ về QLDKDTTH_07 (row243)"
1,273,QLDKDTTH_07,244,QLDKDTTH_08,TRUNG,nội dung,mã QLDKDTTH_07 xuất hiện ở 2 ảnh bên đối tác
1,274,QLDKDTTH_08,,,KHÔNG,,"không có case tương ứng bên đối tác (case QA tự thêm, hoặc đã bị xoá/sửa)"
1,275,QLDKDTTH_09,246,QLDKDTTH_10,TRUNG,nội dung,mã QLDKDTTH_09 xuất hiện ở 2 ảnh bên đối tác
1,276,TKDGHQHTPL_OOS_01,,,KHÔNG,,"không có case tương ứng bên đối tác (case QA tự thêm, hoặc đã bị xoá/sửa)"
2,2,DKTGKH_07,253,DKTGKH_07,CAO,ảnh + nội dung,
2,3,DKTGKH_12,258,DKTGKH_12,CAO,ảnh + nội dung,
2,4,KTDGKQHT_01,259,KTDGKQHT_01,TRUNG,ảnh,nội dung 2 file khác nhau (đối tác đã sửa mô tả/KQ mong đợi)
2,5,KTDGKQHT_03,261,KTDGKQHT_03,CAO,ảnh + nội dung,
2,6,KTDGKQHT_08,266,KTDGKQHT_08,CAO,ảnh + nội dung,
2,7,TTKTDGKQHT_01,270,TTKTDGKQHT_01,CAO,ảnh + nội dung,
2,8,QLKTLBG_02,274,QLKTLBG_02,CAO,ảnh + nội dung,
2,9,QLKTLBG_03,275,QLKTLBG_03,TRUNG,nội dung,mã QLKTLBG_03 xuất hiện ở 2 ảnh bên đối tác
2,10,QLKTLBG_08,280,QLKTLBG_08,CAO,ảnh + nội dung,
2,11,TTKTLBG_01,293,TTKTLBG_01,CAO,ảnh + nội dung,
2,12,TTKTLBG_02,294,TTKTLBG_02,CAO,ảnh + nội dung,
2,13,QLNHCH_02,300,QLNHCH_02,CAO,ảnh + nội dung,
2,14,QLNHCH_04,302,QLNHCH_04,CAO,ảnh + nội dung,
2,15,QLNHCH_08,306,QLNHCH_08,CAO,ảnh + nội dung,
2,16,QLNHCH_15,313,QLNHCH_15,CAO,ảnh + nội dung,
2,17,TKNHCH_05,318,TKNHCH_05,CAO,ảnh + nội dung,
2,18,QLGVTG_02,321,QLGVTG_02,CAO,ảnh + nội dung,
2,19,QLGVTG_03,322,QLGVTG_03,CAO,ảnh + nội dung,
2,20,QLGVTG_05,324,QLGVTG_05,CAO,ảnh + nội dung,
2,21,QLGVTG_06,325,QLGVTG_06,CAO,ảnh + nội dung,
2,22,QLGVTG_07,326,QLGVTG_07,CAO,ảnh + nội dung,
2,23,QLGVTG_08,327,QLGVTG_08,CAO,ảnh + nội dung,
2,24,QLGVTG_09,308,QLNHCH_10,TRUNG,nội dung,ảnh lần 1 trống/không parse được
2,25,QLGVTG_12,330,QLGVTG_11,CAO,ảnh + nội dung,
2,26,TKGVTG_02,332,TKGVTG_02,CAO,ảnh + nội dung,
2,27,TKGVTG_07,,,KHÔNG,,"không có case tương ứng bên đối tác (case QA tự thêm, hoặc đã bị xoá/sửa)"
2,28,QLDXDTTH_03,339,QLDXDTTH_03,CAO,ảnh + nội dung,
2,29,QLDXDTTH_06,342,QLDXDTTH_06,CAO,ảnh + nội dung,
2,30,QLDXDTTH_09,345,QLDXDTTH_09,CAO,ảnh + nội dung,
2,31,QLLKHDTBD_02,347,QLLKHDTBD_02,CAO,ảnh + nội dung,
2,32,QLLKHDTBD_06,351,QLLKHDTBD_06,TRUNG,ảnh,nội dung 2 file khác nhau (đối tác đã sửa mô tả/KQ mong đợi)
2,33,PDKQDTTH_01,,,KHÔNG,,"không có case tương ứng bên đối tác (case QA tự thêm, hoặc đã bị xoá/sửa)"
2,34,PDKQDTTH_05,,,KHÔNG,,"không có case tương ứng bên đối tác (case QA tự thêm, hoặc đã bị xoá/sửa)"
2,35,CBKQDTBD_01,,,KHÔNG,,"không có case tương ứng bên đối tác (case QA tự thêm, hoặc đã bị xoá/sửa)"
2,36,QLTVV_02,382,QLTVV_02,CAO,ảnh + nội dung,
2,37,QLTVV_04,384,QLTVV_04,CAO,ảnh + nội dung,
2,38,QLTVV_07,503,QLTNVV_08,TRUNG,nội dung,ảnh lần 1 trống/không parse được
2,39,QLTVV_10,389,QLTVV_09,CAO,ảnh + nội dung,
2,40,QLTVV_12,391,QLTVV_11,CAO,ảnh + nội dung,
2,41,QLTVV_13,392,QLTVV_12,CAO,ảnh + nội dung,
2,42,QLTVV_18,397,QLTVV_17,CAO,ảnh + nội dung,
2,43,QLTVV_20,399,QLTVV_19,CAO,ảnh + nội dung,
2,44,QLTVV_21,400,QLTVV_20,TRUNG,ảnh,nội dung 2 file khác nhau (đối tác đã sửa mô tả/KQ mong đợi)
2,45,QLTVV_22,,,KHÔNG,,"không có case tương ứng bên đối tác (case QA tự thêm, hoặc đã bị xoá/sửa)"
2,46,QLTVV_23,401,QLTVV_21,CAO,ảnh + nội dung,
2,47,QLTVV_24,402,QLTVV_22,CAO,ảnh + nội dung,
2,48,QLTVV_28,406,QLTVV_26,CAO,ảnh + nội dung,
2,49,TKTVV_02,408,TKTVV_02,CAO,ảnh + nội dung,
2,50,TKTVV_04,410,TKTVV_04,CAO,ảnh + nội dung,
2,51,TKTVV_08,,,KHÔNG,,"không có case tương ứng bên đối tác (case QA tự thêm, hoặc đã bị xoá/sửa)"
2,52,DKTGMLTVV_02,415,DKTGMLTVV_02,CAO,ảnh + nội dung,
2,53,DKTGMLTVV_03,416,DKTGMLTVV_03,CAO,ảnh + nội dung,
2,54,DKTGMLTVV_11,424,DKTGMLTVV_11,CAO,ảnh + nội dung,
2,55,DKTGMLTVV_14,426,DKTGMLTVV_13,CAO,ảnh + nội dung,
2,56,CNHSNLTVV_02,428,CNHSNLTVV_02,CAO,ảnh + nội dung,
2,57,QLHSTVV_02,431,QLHSTVV_02,CAO,ảnh + nội dung,
2,58,QLHSTVV_03,432,QLHSTVV_03,CAO,ảnh + nội dung,
2,59,QLHSTVV_04,,,KHÔNG,,"không có case tương ứng bên đối tác (case QA tự thêm, hoặc đã bị xoá/sửa)"
2,60,QLHSTVV_05,433,QLHSTVV_04,CAO,ảnh + nội dung,
2,61,QLHSTVV_06,434,QLHSTVV_05,CAO,ảnh + nội dung,
2,62,TDHSTVV_02,439,TDHSTVV_02,CAO,ảnh + nội dung,
2,63,TDHSTVV_04,441,TDHSTVV_04,CAO,ảnh + nội dung,
2,64,TDHSTVV_08,445,TDHSTVV_08,CAO,ảnh + nội dung,
2,65,TDHSTVV_09,,,KHÔNG,,"không có case tương ứng bên đối tác (case QA tự thêm, hoặc đã bị xoá/sửa)"
2,66,TDHSTVV_12,448,TDHSTVV_11,CAO,ảnh + nội dung,
2,67,TDHSTVV_13,449,TDHSTVV_12,CAO,ảnh + nội dung,
2,68,TDHSTVV_14,450,TDHSTVV_13,CAO,ảnh + nội dung,
2,69,TDHSTVV_17,453,TDHSTVV_16,CAO,ảnh + nội dung,
2,70,TDHSTVV_18,,,KHÔNG,,"không có case tương ứng bên đối tác (case QA tự thêm, hoặc đã bị xoá/sửa)"
2,71,PDHSTVV_02,455,PDHSTVV_02,CAO,ảnh + nội dung,
2,72,PDHSTVV_03,456,PDHSTVV_03,CAO,ảnh + nội dung,
2,73,PDHSTVV_05,458,PDHSTVV_05,CAO,ảnh + nội dung,
2,74,PDHSTVV_06,459,PDHSTVV_06,TRUNG,nội dung,mã PDHSTVV_06 xuất hiện ở 2 ảnh bên đối tác
2,75,PDHSTVV_08,461,PDHSTVV_08,CAO,ảnh + nội dung,
2,76,PDHSTVV_09,,,KHÔNG,,"không có case tương ứng bên đối tác (case QA tự thêm, hoặc đã bị xoá/sửa)"
2,77,CNDSMLTVV_05,466,CNDSMLTVV_05,TRUNG,ảnh,nội dung 2 file khác nhau (đối tác đã sửa mô tả/KQ mong đợi)
2,78,DGTVV_02,470,DGTVV_02,CAO,ảnh + nội dung,
2,79,DGTVV_03,471,DGTVV_03,CAO,ảnh + nội dung,
2,80,DGTVV_05,473,DGTVV_05,CAO,ảnh + nội dung,
2,81,QLLSHTCTVV_01,476,QLLSHTCTVV_01,CAO,ảnh + nội dung,
2,82,CNTTTVV_06,488,CNTTTVV_06,CAO,ảnh + nội dung,
2,83,CNTTTVV_07,489,CNTTTVV_07,CAO,ảnh + nội dung,
2,84,CNTTHDCTVV_02,491,CNTTHDCTVV_02,CAO,ảnh + nội dung,
2,85,QLTNVV_02,497,QLTNVV_02,CAO,ảnh + nội dung,
2,86,QLTNVV_06,501,QLTNVV_06,CAO,ảnh + nội dung,
2,87,QLTNVV_08,503,QLTNVV_08,CAO,ảnh + nội dung,
2,88,NHSYC_02,511,NHSYC_02,CAO,ảnh + nội dung,
2,89,NHSYC_05,514,NHSYC_05,CAO,ảnh + nội dung,
2,90,NHSYC_06,515,NHSYC_06,CAO,ảnh + nội dung,
2,91,NHSYC_07,516,NHSYC_07,CAO,ảnh + nội dung,
2,92,NHSYC_08,517,NHSYC_08,CAO,ảnh + nội dung,
2,93,KTHSYCHTPL_02,523,KTHSYCHTPL_02,CAO,ảnh + nội dung,
2,94,KTHSYCHTPL_03,524,KTHSYCHTPL_03,CAO,ảnh + nội dung,
2,95,KTHSYCHTPL_04,525,KTHSYCHTPL_04,CAO,ảnh + nội dung,
2,96,KTHSYCHTPL_11,532,KTHSYCHTPL_11,CAO,ảnh + nội dung,
2,97,KTHSYCHTPL_15,536,KTHSYCHTPL_15,CAO,ảnh + nội dung,
2,98,KTHSYCHTPL_16,537,KTHSYCHTPL_16,CAO,ảnh + nội dung,
2,99,KTHSYCHTPL_17,538,KTHSYCHTPL_17,CAO,ảnh + nội dung,
2,100,KTHSYCHTPL_18,539,KTHSYCHTPL_18,CAO,ảnh + nội dung,
2,101,KTHSYCHTPL_19,540,KTHSYCHTPL_19,CAO,ảnh + nội dung,
2,102,QLHSVV_02,542,QLHSVV_02,CAO,ảnh + nội dung,
2,103,QLHSVV_03,543,QLHSVV_03,CAO,ảnh + nội dung,
2,104,QLHSVV_05,545,QLHSVV_05,CAO,ảnh + nội dung,
2,105,TKHSYCHTPL_02,550,TKHSYCHTPL_02,CAO,ảnh + nội dung,
2,106,TKHSYCHTPL_04,552,TKHSYCHTPL_04,CAO,ảnh + nội dung,
2,107,TKHSYCHTPL_06,554,TKHSYCHTPL_06,CAO,ảnh + nội dung,
2,108,LCNHTCVV_02,557,LCNHTCVV_02,CAO,ảnh + nội dung,
2,109,LCNHTCVV_05,560,LCNHTCVV_05,CAO,ảnh + nội dung,
2,110,LCNHTCVV_07,562,LCNHTCVV_07,CAO,ảnh + nội dung,
2,111,LCNHTCVV_08,563,LCNHTCVV_08,TRUNG,nội dung,mã LCNHTCVV_08 xuất hiện ở 2 ảnh bên đối tác
2,112,QLKH_01,,,KHÔNG,,"không có case tương ứng bên đối tác (case QA tự thêm, hoặc đã bị xoá/sửa)"
2,113,QLKH_02,,,KHÔNG,,"không có case tương ứng bên đối tác (case QA tự thêm, hoặc đã bị xoá/sửa)"
2,114,QLKH_03,,,KHÔNG,,"không có case tương ứng bên đối tác (case QA tự thêm, hoặc đã bị xoá/sửa)"
2,115,PDHSTVV_01,,,KHÔNG,,"không có case tương ứng bên đối tác (case QA tự thêm, hoặc đã bị xoá/sửa)"
3,2,XNTGHTVV_03,566,XNTGHTVV_03,CAO,ảnh + nội dung,
3,3,XNTGHTVV_04,567,XNTGHTVV_04,CAO,ảnh + nội dung,
3,4,TPDHSVV_02,570,TPDHSVV_02,CAO,ảnh + nội dung,
3,5,TPDHSVV_04,572,TPDHSVV_04,CAO,ảnh + nội dung,
3,6,TBKQTNHS_01,573,TBKQTNHS_01,CAO,ảnh + nội dung,
3,7,PDHSVV_02,578,PDHSVV_02,CAO,ảnh + nội dung,
3,8,PDHSVV_03,579,PDHSVV_03,CAO,ảnh + nội dung,
3,9,PDHSVV_04,580,PDHSVV_04,CAO,ảnh + nội dung,
3,10,PDHSVV_05,581,PDHSVV_05,CAO,ảnh + nội dung,
3,11,CNKQHT_03,595,CNKQHT_03,CAO,ảnh + nội dung,
3,12,CNKQHT_06,598,CNKQHT_06,CAO,ảnh + nội dung,
3,13,CNKQVV_02,601,CNKQVV_02,CAO,ảnh + nội dung,
3,14,CNKQVV_05,604,CNKQVV_05,CAO,ảnh + nội dung,
3,15,DGKQHTVV_01,606,DGKQHTVV_01,CAO,ảnh + nội dung,
3,16,QLHSDNHTCP_03,620,QLHSDNHTCP_03,CAO,ảnh + nội dung,
3,17,QLHSDNHTCP_04,621,QLHSDNHTCP_04,CAO,ảnh + nội dung,
3,18,QLHSDNHTCP_09,626,QLHSDNHTCP_09,CAO,ảnh + nội dung,
3,19,QLHSDNHTCP_10,627,QLHSDNHTCP_10,CAO,ảnh + nội dung,
3,20,QLHSDNHTCP_11,628,QLHSDNHTCP_11,CAO,ảnh + nội dung,
3,21,QLHSDNHTCP_12,629,QLHSDNHTCP_12,CAO,ảnh + nội dung,
3,22,QLHSDNHTCP_13,630,QLHSDNHTCP_13,CAO,ảnh + nội dung,
3,23,QLHSDNHTCP_19,636,QLHSDNHTCP_19,CAO,ảnh + nội dung,
3,24,QLDNDHTPL_02,690,QLDNDHTPL_02,CAO,ảnh + nội dung,
3,25,QLDNDHTPL_04,692,QLDNDHTPL_04,CAO,ảnh + nội dung,
3,26,QLDNDHTPL_05,693,QLDNDHTPL_05,CAO,ảnh + nội dung,
3,27,QLDNDHTPL_06,694,QLDNDHTPL_06,CAO,ảnh + nội dung,
3,28,QLDNDHTPL_07,695,QLDNDHTPL_07,CAO,ảnh + nội dung,
3,29,QLDNDHTPL_10,698,QLDNDHTPL_10,CAO,ảnh + nội dung,
3,30,QLDNDHTPL_13,701,QLDNDHTPL_13,THẤP,mâu thuẫn,"khoá ảnh chỉ về QLDNDHTPL_14 (row702), khoá nội dung chỉ về QLDNDHTPL_13 (row701)"
3,31,QLDNDHTPL_14,702,QLDNDHTPL_14,THẤP,mâu thuẫn,"khoá ảnh chỉ về QLDNDHTPL_13 (row701), khoá nội dung chỉ về QLDNDHTPL_14 (row702)"
3,32,QLDNDHTPL_17,705,QLDNDHTPL_17,CAO,ảnh + nội dung,
3,33,QLDNDHTPL_21,709,QLDNDHTPL_21,CAO,ảnh + nội dung,
3,34,QLDNDHTPL_23,711,QLDNDHTPL_23,CAO,ảnh + nội dung,
3,35,QLDNDHTPL_24,712,QLDNDHTPL_24,CAO,ảnh + nội dung,
3,36,QLDNDHTPL_25,713,QLDNDHTPL_25,CAO,ảnh + nội dung,
3,37,QLDNDHTPL_26,714,QLDNDHTPL_26,CAO,ảnh + nội dung,
3,38,QLDNDHTPL_27,715,QLDNDHTPL_27,CAO,ảnh + nội dung,
3,39,QLDNDHTPL_28,716,QLDNDHTPL_28,CAO,ảnh + nội dung,
3,40,QLDNDHTPL_31,719,QLDNDHTPL_31,CAO,ảnh + nội dung,
3,41,TKDNHTPL_02,721,TKDNHTPL_02,CAO,ảnh + nội dung,
3,42,TKDNHTPL_03,722,TKDNHTPL_03,CAO,ảnh + nội dung,
3,43,LKHDG_02,726,LKHDG_02,CAO,ảnh + nội dung,
3,44,LKHDG_03,727,LKHDG_03,CAO,ảnh + nội dung,
3,45,LKHDG_04,728,LKHDG_04,CAO,ảnh + nội dung,
3,46,LKHDG_07,731,LKHDG_07,CAO,ảnh + nội dung,
3,47,LKHDG_08,732,LKHDG_08,CAO,ảnh + nội dung,
3,48,LKHDG_10,734,LKHDG_10,TRUNG,ảnh,nội dung 2 file khác nhau (đối tác đã sửa mô tả/KQ mong đợi)
3,49,LKHDG_12,736,LKHDG_12,CAO,ảnh + nội dung,
3,50,LKHDG_16,740,LKHDG_16,CAO,ảnh + nội dung,
3,51,LKHDG_19,743,LKHDG_19,CAO,ảnh + nội dung,
3,52,LKHDG_20,744,LKHDG_20,CAO,ảnh + nội dung,
3,53,LKHDG_21,745,LKHDG_21,CAO,ảnh + nội dung,
3,54,LKHDG_22,746,LKHDG_22,CAO,ảnh + nội dung,
3,55,TLCTCDG_07,753,TLCTCDG_07,CAO,ảnh + nội dung,
3,56,TLCTCDG_08,754,TLCTCDG_08,CAO,ảnh + nội dung,
3,57,TLCTCDG_09,755,TLCTCDG_09,CAO,ảnh + nội dung,
3,58,TLCTCDG_11,757,TLCTCDG_11,CAO,ảnh + nội dung,
3,59,TLCTCDG_12,758,TLCTCDG_12,CAO,ảnh + nội dung,
3,60,PCNTHDG_06,765,PCNTHDG_06,CAO,ảnh + nội dung,
3,61,PCNTHDG_10,769,PCNTHDG_10,CAO,ảnh + nội dung,
3,62,PCNTHDG_11,770,PCNTHDG_11,CAO,ảnh + nội dung,
3,63,PDPCDG_01,771,PDPCDG_01,CAO,ảnh + nội dung,
3,64,PDPCDG_05,775,PDPCDG_05,CAO,ảnh + nội dung,
3,65,CVVDG_01,776,CVVDG_01,CAO,ảnh + nội dung,
3,66,CVVDG_02,777,CVVDG_02,CAO,ảnh + nội dung,
3,67,CVVDG_03,778,CVVDG_03,CAO,ảnh + nội dung,
3,68,CVVDG_04,779,CVVDG_04,CAO,ảnh + nội dung,
3,69,THDG_02,781,THDG_02,CAO,ảnh + nội dung,
3,70,THDG_03,782,THDG_03,CAO,ảnh + nội dung,
3,71,THDG_04,783,THDG_04,CAO,ảnh + nội dung,
3,72,THDG_05,784,THDG_05,CAO,ảnh + nội dung,
3,73,LBCDG_02,789,LBCDG_02,CAO,ảnh + nội dung,
3,74,LBCDG_04,791,LBCDG_04,CAO,ảnh + nội dung,
3,75,LBCDG_05,792,LBCDG_05,CAO,ảnh + nội dung,
3,76,TPDBC_02,794,TPDBC_02,CAO,ảnh + nội dung,
3,77,TPDBC_03,795,TPDBC_03,CAO,ảnh + nội dung,
3,78,PDBCDG_01,796,PDBCDG_01,CAO,ảnh + nội dung,
3,79,PDBCDG_04,799,PDBCDG_04,CAO,ảnh + nội dung,
3,80,QLTMBMHD_07,808,QLTMBMHD_07,CAO,ảnh + nội dung,
3,81,QLTMBMHD_08,809,QLTMBMHD_08,CAO,ảnh + nội dung,
3,82,QLTMBMHD_10,811,QLTMBMHD_10,CAO,ảnh + nội dung,
3,83,QLTMBMHD_13,814,QLTMBMHD_13,CAO,ảnh + nội dung,
3,84,QLTMBMHD_17,818,QLTMBMHD_17,CAO,ảnh + nội dung,
3,85,QLTMBMHD_19,820,QLTMBMHD_19,CAO,ảnh + nội dung,
3,86,QLTMBMHD_20,821,QLTMBMHD_20,CAO,ảnh + nội dung,
3,87,QLTMBMHD_23,824,QLTMBMHD_23,CAO,ảnh + nội dung,
3,88,TKTMBMHD_02,826,TKTMBMHD_02,CAO,ảnh + nội dung,
3,89,TKTMBMHD_04,828,TKTMBMHD_04,CAO,ảnh + nội dung,
3,90,TKTMBMHD_06,830,TKTMBMHD_06,CAO,ảnh + nội dung,
3,91,TKTMBMHD_07,831,TKTMBMHD_07,CAO,ảnh + nội dung,
3,92,CKTMBMHDLCTT_02,833,CKTMBMHDLCTT_02,CAO,ảnh + nội dung,
3,93,CKTMBMHDLCTT_07,838,CKTMBMHDLCTT_07,CAO,ảnh + nội dung,
3,94,CKTMBMHDLCTT_08,839,CKTMBMHDLCTT_08,CAO,ảnh + nội dung,
3,95,CKTMBMHDLCTT_10,841,CKTMBMHDLCTT_10,CAO,ảnh + nội dung,
3,96,CKTMBMHDLCTT_11,842,CKTMBMHDLCTT_11,CAO,ảnh + nội dung,
3,97,QLBMHD_02,845,QLBMHD_02,CAO,ảnh + nội dung,
3,98,QLBMHD_03,846,QLBMHD_03,CAO,ảnh + nội dung,
3,99,QLBMHD_06,849,QLBMHD_06,CAO,ảnh + nội dung,
3,100,QLBMHD_07,850,QLBMHD_07,CAO,ảnh + nội dung,
3,101,QLBMHD_08,851,QLBMHD_08,CAO,ảnh + nội dung,
3,102,QLBMHD_09,852,QLBMHD_09,CAO,ảnh + nội dung,
3,103,QLBMHD_10,853,QLBMHD_10,CAO,ảnh + nội dung,
3,104,QLBMHD_11,854,QLBMHD_11,CAO,ảnh + nội dung,
3,105,QLBMHD_12,855,QLBMHD_12,CAO,ảnh + nội dung,
3,106,QLBMHD_13,856,QLBMHD_13,CAO,ảnh + nội dung,
3,107,QLBMHD_14,857,QLBMHD_14,CAO,ảnh + nội dung,
3,108,QLBMHD_15,858,QLBMHD_15,CAO,ảnh + nội dung,
3,109,QLBMHD_16,859,QLBMHD_16,CAO,ảnh + nội dung,
3,110,QLBMHD_17,860,QLBMHD_17,CAO,ảnh + nội dung,
3,111,QLBMHD_18,861,QLBMHD_18,CAO,ảnh + nội dung,
3,112,QLBMHD_19,862,QLBMHD_19,CAO,ảnh + nội dung,
3,113,TKBMHD_03,867,TKBMHD_03,CAO,ảnh + nội dung,
3,114,TKBMHD_04,868,TKBMHD_04,CAO,ảnh + nội dung,
3,115,CKBMHDLCTT_01,870,CKBMHDLCTT_01,CAO,ảnh + nội dung,
3,116,IBMHD_02,872,IBMHD_02,CAO,ảnh + nội dung,
3,117,IBMHD_03,873,IBMHD_03,CAO,ảnh + nội dung,
3,118,IBMHD_04,874,IBMHD_04,CAO,ảnh + nội dung,
3,119,IBMHD_07,877,IBMHD_07,CAO,ảnh + nội dung,
3,120,IBMHD_10,880,IBMHD_10,CAO,ảnh + nội dung,
3,121,IBMHD_11,881,IBMHD_11,CAO,ảnh + nội dung,
3,122,QLDMLVPL_02,884,QLDMLVPL_02,CAO,ảnh + nội dung,
3,123,QLDMLVPL_09,891,QLDMLVPL_09,CAO,ảnh + nội dung,
3,124,QLDMLVPL_14,896,QLDMLVPL_14,CAO,ảnh + nội dung,
3,125,QLDMLVPL_16,898,QLDMLVPL_16,CAO,ảnh + nội dung,
3,126,QLDMLVPL_19,901,QLDMLVPL_19,CAO,ảnh + nội dung,
3,127,QLDMLVPL_21,903,QLDMLVPL_21,CAO,ảnh + nội dung,
3,128,QLDMLHHT_06,910,QLDMLHHT_06,CAO,ảnh + nội dung,
3,129,QLDMLHHT_11,915,QLDMLHHT_11,CAO,ảnh + nội dung,
3,130,QLDMLHHT_13,917,QLDMLHHT_13,CAO,ảnh + nội dung,
3,131,QLDMLHHT_16,920,QLDMLHHT_16,CAO,ảnh + nội dung,
3,132,QLDMLHHT_18,922,QLDMLHHT_18,CAO,ảnh + nội dung,
3,133,QLDMCTHT_06,928,QLDMCTHT_06,CAO,ảnh + nội dung,
3,134,QLDMCTHT_11,933,QLDMCTHT_11,CAO,ảnh + nội dung,
3,135,QLDMCTHT_13,935,QLDMCTHT_13,CAO,ảnh + nội dung,
3,136,QLDMTTVV_06,945,QLDMTTVV_06,CAO,ảnh + nội dung,
3,137,QLDMTTVV_11,950,QLDMTTVV_11,CAO,ảnh + nội dung,
3,138,QLDMTTVV_13,952,QLDMTTVV_13,CAO,ảnh + nội dung,
3,139,QLDMCQDVQL_05,962,QLDMCQDVQL_05,CAO,ảnh + nội dung,
3,140,QLDMCQDVQL_12,969,QLDMCQDVQL_12,CAO,ảnh + nội dung,
3,141,QLDMTCTV_01,976,QLDMTCTV_01,CAO,ảnh + nội dung,
3,142,QLDMLDN_06,1000,QLDMLDN_06,CAO,ảnh + nội dung,
3,143,QLDMLDN_11,1005,QLDMLDN_11,CAO,ảnh + nội dung,
3,144,QLDMLDN_13,1007,QLDMLDN_13,CAO,ảnh + nội dung,
3,145,QLDMLDN_16,1010,QLDMLDN_16,CAO,ảnh + nội dung,
3,146,QLDMHSDNHT_06,1018,QLDMHSDNHT_06,CAO,ảnh + nội dung,
3,147,QLDMHSDNHT_11,1023,QLDMHSDNHT_11,CAO,ảnh + nội dung,
3,148,QLDMHSDNHT_13,1025,QLDMHSDNHT_13,CAO,ảnh + nội dung,
3,149,QLDMHSDNTT_06,1035,QLDMHSDNTT_06,CAO,ảnh + nội dung,
3,150,QLDMHSDNTT_11,1040,QLDMHSDNTT_11,CAO,ảnh + nội dung,
3,151,QLDMHSDNTT_13,1042,QLDMHSDNTT_13,CAO,ảnh + nội dung,
3,152,QLCHTHXLHS_02,1048,QLCHTHXLHS_02,CAO,ảnh + nội dung,
3,153,QLCHTHXLHS_03,1049,QLCHTHXLHS_03,CAO,ảnh + nội dung,
3,154,QLCHTHXLHS_05,1051,QLCHTHXLHS_05,CAO,ảnh + nội dung,
3,155,QLCHTHXLHS_06,1052,QLCHTHXLHS_06,CAO,ảnh + nội dung,
3,156,QLCHTHXLHS_07,1053,QLCHTHXLHS_07,CAO,ảnh + nội dung,
3,157,QLDMTCDGHQ_06,1061,QLDMTCDGHQ_06,CAO,ảnh + nội dung,
3,158,QLDMTCDGHQ_12,1067,QLDMTCDGHQ_12,CAO,ảnh + nội dung,
3,159,QLDMTCDGHQ_17,1072,QLDMTCDGHQ_17,CAO,ảnh + nội dung,
3,160,QLDMTCDGHTCP_06,1078,QLDMTCDGHTCP_06,CAO,ảnh + nội dung,
3,161,QLDMTCDGHTCP_12,1084,QLDMTCDGHTCP_12,CAO,ảnh + nội dung,
3,162,QLDMLTK_06,1094,QLDMLTK_06,CAO,ảnh + nội dung,
3,163,QLDMLTK_12,1100,QLDMLTK_12,THẤP,mâu thuẫn,"khoá ảnh chỉ về QLDMLTK_11 (row1099), khoá nội dung chỉ về QLDMLTK_12 (row1100)"
3,164,QLVT_14,1119,QLVT_14,CAO,ảnh + nội dung,
3,165,QLTKND_02,1124,QLTKND_02,CAO,ảnh + nội dung,
3,166,QLTKND_03,1125,QLTKND_03,CAO,ảnh + nội dung,
3,167,QLTKND_06,1128,QLTKND_06,CAO,ảnh + nội dung,
3,168,QLTKND_15,1137,QLTKND_15,CAO,ảnh + nội dung,
3,169,QLTKND_17,1139,QLTKND_17,CAO,ảnh + nội dung,
3,170,QLTKND_25,1147,QLTKND_25,CAO,ảnh + nội dung,
3,171,QLTKND_27,1149,QLTKND_27,CAO,ảnh + nội dung,
3,172,QLPQTCDL_06,1156,QLPQTCDL_06,CAO,ảnh + nội dung,
3,173,QLPQCN_02,1160,QLPQCN_02,CAO,ảnh + nội dung,
3,174,QLPQCN_03,1161,QLPQCN_03,CAO,ảnh + nội dung,
3,175,QLLHTNHS_06,1175,QLLHTNHS_06,CAO,ảnh + nội dung,
3,176,QLLHTNHS_12,1181,QLLHTNHS_12,CAO,ảnh + nội dung,
3,177,QLDMKTNHS_06,1191,QLDMKTNHS_06,CAO,ảnh + nội dung,
3,178,QLDMKTNHS_12,1197,QLDMKTNHS_12,CAO,ảnh + nội dung,
3,179,QLDN_07,1208,QLDN_07,CAO,ảnh + nội dung,
3,180,QLDN_10,1211,QLDN_10,CAO,ảnh + nội dung,
3,181,QLDN_12,1213,QLDN_12,CAO,ảnh + nội dung,
3,182,QLDX_01,1216,QLDX_01,CAO,ảnh + nội dung,
3,183,QLDX_02,1217,QLDX_02,CAO,ảnh + nội dung,
3,184,QLDX_03,1218,QLDX_03,CAO,ảnh + nội dung,
3,185,QLDKTK_02,1223,QLDKTK_02,CAO,ảnh + nội dung,
3,186,QLDKTK_03,1224,QLDKTK_03,CAO,ảnh + nội dung,
3,187,QLDKTK_04,1225,QLDKTK_04,CAO,ảnh + nội dung,
3,188,QLDKTK_08,1229,QLDKTK_08,CAO,ảnh + nội dung,
3,189,QLDKTK_09,1230,QLDKTK_09,CAO,ảnh + nội dung,
3,190,SLHDVM_03,1243,SLHDVM_03,CAO,ảnh + nội dung,
3,191,SLHDVM_06,1246,SLHDVM_06,CAO,ảnh + nội dung,
3,192,SLHDVM_07,1247,SLHDVM_07,CAO,ảnh + nội dung,
3,193,SLHDVM_08,1248,SLHDVM_08,CAO,ảnh + nội dung,
3,194,SLHDVM_09,1249,SLHDVM_09,CAO,ảnh + nội dung,
3,195,VVDTN_04,1253,VVDTN_04,CAO,ảnh + nội dung,
3,196,VVDTN_06,1255,VVDTN_06,CAO,ảnh + nội dung,
3,197,VVDTN_07,1256,VVDTN_07,CAO,ảnh + nội dung,
3,198,VVDTN_08,1257,VVDTN_08,CAO,ảnh + nội dung,
3,199,VVDTN_09,1258,VVDTN_09,CAO,ảnh + nội dung,
3,200,VVDHT_01,1259,VVDHT_01,TRUNG,nội dung,mã VVDHT_01 xuất hiện ở 2 ảnh bên đối tác
3,201,VVDHT_03,1261,VVDHT_03,CAO,ảnh + nội dung,
3,202,VVDHT_04,1262,VVDHT_04,TRUNG,nội dung,mã VVDHT_04 xuất hiện ở 2 ảnh bên đối tác
3,203,VVDHT_06,1264,VVDHT_06,CAO,ảnh + nội dung,
3,204,VVDHT_07,1265,VVDHT_07,CAO,ảnh + nội dung,
3,205,VVDHT_08,1266,VVDHT_08,CAO,ảnh + nội dung,
3,206,VVDHT_09,1267,VVDHT_09,CAO,ảnh + nội dung,
3,207,VVDHTHT_03,1270,VVDHTHT_03,TRUNG,nội dung,mã VVDHTHT_03 xuất hiện ở 2 ảnh bên đối tác
3,208,VVDHTHT_04,1271,VVDHTHT_04,CAO,ảnh + nội dung,
3,209,VVDHTHT_06,1273,VVDHTHT_06,CAO,ảnh + nội dung,
3,210,VVDHTHT_07,1274,VVDHTHT_07,CAO,ảnh + nội dung,
3,211,VVDHTHT_08,1275,VVDHTHT_08,CAO,ảnh + nội dung,
3,212,VVDHTHT_09,1276,VVDHTHT_09,CAO,ảnh + nội dung,
3,213,VVTTG_01,1277,VVTTG_01,CAO,ảnh + nội dung,
3,214,VVTTG_02,1278,VVTTG_02,CAO,ảnh + nội dung,
3,215,VVTTG_03,1279,VVTTG_03,CAO,ảnh + nội dung,
3,216,VVTTG_05,1281,VVTTG_05,CAO,ảnh + nội dung,
3,217,VVTTG_06,1282,VVTTG_06,CAO,ảnh + nội dung,
3,218,VVTTG_07,1283,VVTTG_07,CAO,ảnh + nội dung,
3,219,VVTTG_08,1284,VVTTG_08,CAO,ảnh + nội dung,
3,220,CLDTBDDDR_03,1287,CLDTBDDDR_03,TRUNG,nội dung,mã CLDTBDDDR_03 xuất hiện ở 2 ảnh bên đối tác
3,221,CLDTBDDDR_04,1288,CLDTBDDDR_04,TRUNG,nội dung,mã CLDTBDDDR_04 xuất hiện ở 2 ảnh bên đối tác
3,222,CLDTBDDDR_06,1290,CLDTBDDDR_06,TRUNG,nội dung,mã CLDTBDDDR_06 xuất hiện ở 2 ảnh bên đối tác
3,223,CLDTBDDDR_07,1291,CLDTBDDDR_07,TRUNG,nội dung,mã CLDTBDDDR_07 xuất hiện ở 2 ảnh bên đối tác
3,224,CLDTBDDDR_08,1292,CLDTBDDDR_08,TRUNG,nội dung,mã CLDTBDDDR_08 xuất hiện ở 2 ảnh bên đối tác
3,225,CLDTBDDDR_09,1293,CLDTBDDDR_09,TRUNG,nội dung,mã CLDTBDDDR_09 xuất hiện ở 2 ảnh bên đối tác
3,226,LDTBDDDR_04,1297,LDTBDDDR_04,TRUNG,nội dung,ảnh lần 1 trống/không parse được
3,227,LDTBDDDR_06,1299,LDTBDDDR_06,TRUNG,nội dung,ảnh lần 1 trống/không parse được
3,228,LDTBDDDR_07,1300,LDTBDDDR_07,TRUNG,nội dung,ảnh lần 1 trống/không parse được
3,229,CGTVPL_04,1306,CGTVPL_04,CAO,ảnh + nội dung,
3,230,CGTVPL_06,1308,CGTVPL_06,CAO,ảnh + nội dung,
3,231,CGTVPL_07,1309,CGTVPL_07,CAO,ảnh + nội dung,
3,232,DGHQHTPL_03,1314,DGHQHTPL_03,CAO,ảnh + nội dung,
3,233,DGHQHTPL_06,1317,DGHQHTPL_06,CAO,ảnh + nội dung,
3,234,DGHQHTPL_07,1318,DGHQHTPL_07,CAO,ảnh + nội dung,
3,235,CLDTBDPL_03,1323,CLDTBDPL_03,CAO,ảnh + nội dung,
3,236,CLDTBDPL_04,1324,CLDTBDPL_04,CAO,ảnh + nội dung,
3,237,CLDTBDPL_06,1326,CLDTBDPL_06,CAO,ảnh + nội dung,
3,238,CLDTBDPL_07,1327,CLDTBDPL_07,CAO,ảnh + nội dung,
3,239,VVTDVQL_06,1335,VVTDVQL_06,CAO,ảnh + nội dung,
3,240,VVTDVQL_07,1336,VVTDVQL_07,CAO,ảnh + nội dung,
3,241,VVTLV_01,1339,VVTLV_01,CAO,ảnh + nội dung,
3,242,VVTLV_03,1341,VVTLV_03,CAO,ảnh + nội dung,
3,243,VVTLV_05,1343,VVTLV_05,CAO,ảnh + nội dung,
3,244,VVTLV_06,1344,VVTLV_06,CAO,ảnh + nội dung,
3,245,VVTLHDN_03,1349,VVTLHDN_03,CAO,ảnh + nội dung,
3,246,VVTLHDN_05,1351,VVTLHDN_05,CAO,ảnh + nội dung,
3,247,VVTLHDN_06,1352,VVTLHDN_06,CAO,ảnh + nội dung,
3,248,VVTTGCT_05,1359,VVTTGCT_05,CAO,ảnh + nội dung,
3,249,VVTTGCT_06,1360,VVTTGCT_06,CAO,ảnh + nội dung,
3,250,CPHTCT_06,1368,CPHTCT_06,CAO,ảnh + nội dung,
3,251,CPHTCT_07,1369,CPHTCT_07,CAO,ảnh + nội dung,
3,252,CPCTHTTDVQL_03,1374,CPCTHTTDVQL_03,CAO,ảnh + nội dung,
3,253,CPCTHTTDVQL_06,1377,CPCTHTTDVQL_06,CAO,ảnh + nội dung,
3,254,CPCTHTTDVQL_07,1378,CPCTHTTDVQL_07,CAO,ảnh + nội dung,
3,255,CPCTHTTLHDN_03,1392,CPCTHTTLHDN_03,CAO,ảnh + nội dung,
3,256,CPCTHTTLHDN_04,1393,CPCTHTTLHDN_04,CAO,ảnh + nội dung,
3,257,CPCTHTTLHDN_06,1395,CPCTHTTLHDN_06,CAO,ảnh + nội dung,
3,258,CPCTHTTLHDN_07,1396,CPCTHTTLHDN_07,CAO,ảnh + nội dung,
3,259,CPCTHTTTG_03,1401,CPCTHTTTG_03,CAO,ảnh + nội dung,
3,260,CPCTHTTTG_05,1403,CPCTHTTTG_05,CAO,ảnh + nội dung,
3,261,CPCTHTTTG_06,1404,CPCTHTTTG_06,CAO,ảnh + nội dung,
3,262,SLCTHT_03,1409,SLCTHT_03,CAO,ảnh + nội dung,
3,263,SLCTHT_04,1410,SLCTHT_04,CAO,ảnh + nội dung,
3,264,SLCTHT_06,1412,SLCTHT_06,CAO,ảnh + nội dung,
3,265,SLCTHT_07,1413,SLCTHT_07,CAO,ảnh + nội dung,
3,266,CTTDVQL_02,1417,CTTDVQL_02,CAO,ảnh + nội dung,
3,267,CTTDVQL_03,1418,CTTDVQL_03,CAO,ảnh + nội dung,
3,268,CTTDVQL_04,1419,CTTDVQL_04,CAO,ảnh + nội dung,
3,269,CTTDVQL_05,1420,CTTDVQL_05,CAO,ảnh + nội dung,
3,270,CTTLV_01,1423,CTTLV_01,CAO,ảnh + nội dung,
3,271,CTTLV_03,1425,CTTLV_03,CAO,ảnh + nội dung,
3,272,CTTLV_04,1426,CTTLV_04,CAO,ảnh + nội dung,
3,273,CTTLV_05,1427,CTTLV_05,CAO,ảnh + nội dung,
3,274,CTTLV_06,1428,CTTLV_06,CAO,ảnh + nội dung,
3,275,CTTTG_04,1434,CTTTG_04,CAO,ảnh + nội dung,
3,276,CTTTG_05,1435,CTTTG_05,CAO,ảnh + nội dung,
3,277,QLNDTVVCG_03,1442,QLNDTVVCG_03,CAO,ảnh + nội dung,
3,278,QLNDTVVCG_04,1443,QLNDTVVCG_04,CAO,ảnh + nội dung,
3,279,QLNDTVVCG_06,1445,QLNDTVVCG_06,CAO,ảnh + nội dung,
3,280,QLNDTVVCG_07,1446,QLNDTVVCG_07,CAO,ảnh + nội dung,
3,281,QLNDTVVCG_08,1447,QLNDTVVCG_08,CAO,ảnh + nội dung,
3,282,QLNDTVVCG_11,1450,QLNDTVVCG_11,CAO,ảnh + nội dung,
3,283,QLNDTVVCG_15,1454,QLNDTVVCG_15,CAO,ảnh + nội dung,
3,284,QLNDTVVCG_17,1456,QLNDTVVCG_17,CAO,ảnh + nội dung,
3,285,QLNDTVVCG_20,1459,QLNDTVVCG_20,CAO,ảnh + nội dung,
3,286,QLNDTVVCG_22,1461,QLNDTVVCG_22,CAO,ảnh + nội dung,
3,287,QLNDTVVCG_23,1462,QLNDTVVCG_23,CAO,ảnh + nội dung,
3,288,QLNDTVVCG_27,1466,QLNDTVVCG_27,CAO,ảnh + nội dung,
3,289,QLNDTVVCG_36,1475,QLNDTVVCG_36,CAO,ảnh + nội dung,
3,290,QLNDTVVCG_40,1479,QLNDTVVCG_40,THẤP,mâu thuẫn,"khoá ảnh chỉ về QLNDTVVCG_41 (row1480), khoá nội dung chỉ về QLNDTVVCG_40 (row1479)"
3,291,TKNDTVVCG_03,1483,TKNDTVVCG_03,CAO,ảnh + nội dung,
3,292,QLHSPLDN_02,1493,QLHSPLDN_02,CAO,ảnh + nội dung,
3,293,QLHSPLDN_03,1494,QLHSPLDN_03,CAO,ảnh + nội dung,
3,294,QLTLPLCVV_02,1511,QLTLPLCVV_02,CAO,ảnh + nội dung,
3,295,QLTLPLCVV_03,1512,QLTLPLCVV_03,CAO,ảnh + nội dung,
3,296,QLTLPLCVV_07,1516,QLTLPLCVV_07,CAO,ảnh + nội dung,
3,297,QLTLPLCVV_08,1517,QLTLPLCVV_08,CAO,ảnh + nội dung,
3,298,QLTLPLCVV_09,1518,QLTLPLCVV_09,CAO,ảnh + nội dung,
3,299,QLTLPLCVV_11,1520,QLTLPLCVV_11,CAO,ảnh + nội dung,
3,300,QLTLPLCVV_15,1524,QLTLPLCVV_15,CAO,ảnh + nội dung,
3,301,QLTLPLCVV_16,1525,QLTLPLCVV_16,CAO,ảnh + nội dung,
3,302,QLTMBMHD_OOS_01,,,KHÔNG,,"không có case tương ứng bên đối tác (case QA tự thêm, hoặc đã bị xoá/sửa)"
3,303,XNTGHTVV_OOS_01,,,KHÔNG,,"không có case tương ứng bên đối tác (case QA tự thêm, hoặc đã bị xoá/sửa)"
3,304,XNTGHTVV_OOS_02,,,KHÔNG,,"không có case tương ứng bên đối tác (case QA tự thêm, hoặc đã bị xoá/sửa)"
3,305,CGTVPL_LINHVUC,,,KHÔNG,,"không có case tương ứng bên đối tác (case QA tự thêm, hoặc đã bị xoá/sửa)"
3,306,QLNDTVVCG_CONGKHAI,,,KHÔNG,,"không có case tương ứng bên đối tác (case QA tự thêm, hoặc đã bị xoá/sửa)"
3,307,QLDNDHTPL_OOS_01,,,KHÔNG,,"không có case tương ứng bên đối tác (case QA tự thêm, hoặc đã bị xoá/sửa)"
3,308,QLTLPLCVV_OOS_01,,,KHÔNG,,"không có case tương ứng bên đối tác (case QA tự thêm, hoặc đã bị xoá/sửa)"
3,309,QLBMHD_OOS_01,,,KHÔNG,,"không có case tương ứng bên đối tác (case QA tự thêm, hoặc đã bị xoá/sửa)"
3,310,IBMHD_OOS_01,,,KHÔNG,,"không có case tương ứng bên đối tác (case QA tự thêm, hoặc đã bị xoá/sửa)"
